id;control;cultivar;1970;1971;1972;1973;1974;1975;1976;1977;1978;1979;1980;1981;1982;1983;1984;1985;1986;1987;1988;1989;1990;1991;1992;1993;1994;1995;1996;1997;1998;1999;2000;2001;2002;2003;2004;2005;2006;2007;2008;2009;2010;2011;2012;2013;2014;2015;2016;2017;2018;2019;2020;2021;2022;2023
1;TINTAS;TINTAS;10.448.228;11.012.833;10.798.824;8.213.674;17.457.849;22.593.885;20.265.190;24.830.345;21.984.546;25.805.939;17.369.967;27.976.307;31.912.172;22.168.465;22.290.855;30.195.343;18.736.158;17.213.860;25.753.888;24.032.041;24.795.507;18.045.593;22.146.466;21.189.308;24.444.665;19.451.024;19.313.252;19.980.696;13.590.968;18.051.102;23.975.805;17.853.113;19.059.959;22.281.079;35.135.485;41.398.115;34.162.995;43.653.087;48.852.574;39.148.123;23.633.831;44.473.588;39.303.313;36.855.419;29.810.706;29.935.627;13.370.866;32.850.915;26.868.514;nd;28.003.505;93.296.587;*;35.881.118
2;ti_Alicante Bouschet;Alicante Bouschet;0;0;0;0;0;0;0;0;0;0;0;0;0;0;3.226;6.807;6.677;16.210;8.203;46.923;46.983;0;0;54.266;6.525;66.194;65.322;67.471;64.396;102.174;160.318;160.966;216.461;320.853;626.500;1.076.865;1.078.887;1.775.837;1.588.326;1.652.912;849.263;2.130.579;2.098.824;1.524.728;1.456.305;1.519.576;908.841;2.040.198;2.103.844;nd;2.272.985;811.140;*;4.108.858
3;ti_Ancelota;Ancelota;0;0;0;0;0;0;0;0;0;0;0;0;0;0;0;0;0;0;0;0;0;0;0;0;0;0;0;0;0;0;26.088;47.013;64.318;218.623;604.797;861.431;872.741;1.532.209;1.709.883;1.370.728;853.718;1.346.552;1.274.677;1.137.943;937.844;773.526;179.028;733.907;492.106;nd;481.402;6.513.974;*;783.688
4;ti_Aramon;Aramon;0;0;0;0;0;0;0;0;0;0;0;0;0;0;0;37.384;0;0;0;0;0;0;0;0;0;0;0;0;0;0;0;0;0;0;0;0;0;0;0;0;0;0;0;0;0;0;0;0;0;nd;0;0;*;0
5;ti_Alfrocheiro;Alfrocheiro;0;0;0;0;0;0;0;0;0;0;0;0;0;0;0;0;0;0;0;0;0;0;0;0;0;0;0;0;0;0;0;0;0;0;13.986;19.473;43.396;20.509;25.310;31.168;0;4.320;0;0;0;0;0;0;0;nd;0;0;*;0
6;ti_Arinarnoa;Arinarnoa;0;0;0;0;0;0;0;0;0;0;0;0;0;0;0;0;0;0;0;0;0;0;0;0;0;0;0;0;0;0;0;0;0;0;0;7.394;11.480;24.878;12.686;39.607;35.790;49.376;81.026;65.001;56.666;61.817;17.691;69.757;44.775;nd;90.860;2.785.609;*;147.979
7;ti_Aspirant Bouschet;Aspirant Bouschet;0;0;0;0;0;0;0;0;0;0;0;0;0;0;0;0;0;0;0;0;0;0;0;0;0;0;0;0;0;0;0;0;0;0;0;0;0;0;0;0;0;2.258;7.448;3.650;7.091;8.859;12.901;18.086;12.830;nd;34.513;15.691.137;*;138.338
8;ti_Barbera;Barbera;4.548.313;3.971.627;4.035.482;3.152.247;8.334.170;9.017.873;7.406.493;9.426.011;7.621.931;8.756.427;6.230.235;9.078.325;11.552.200;7.521.496;5.947.760;7.290.172;3.553.090;2.845.387;4.447.914;3.414.379;2.587.150;1.449.146;1.703.396;999.104;978.852;559.435;594.591;342.488;183.269;149.019;397.479;142.690;107.641;87.309;104.139;92.672;57.116;68.946;92.279;70.932;26.044;76.397;47.549;40.630;19.514;19.980;14.738;24.218;21.863;nd;12.349;437.640;*;35.292
9;ti_Bonarda;Bonarda;1.631.610;1.868.929;1.875.069;885.582;1.888.558;2.564.146;2.280.229;2.963.398;2.237.040;2.396.836;1.120.992;2.516.029;2.210.953;1.502.343;1.164.038;1.754.291;877.037;658.716;639.841;657.726;586.098;236.195;400.909;237.867;282.711;139.404;146.851;51.131;33.225;88.710;67.152;47.406;22.983;18.445;24.322;21.021;3.843;6.207;7.640;2.320;0;250;1.114;0;0;0;0;0;0;nd;0;3.110;*;7.800
10;ti_Cabernet Franc;Cabernet Franc;238.837;324.924;572.871;1.360.672;2.909.343;4.262.538;4.813.859;6.615.376;5.575.835;6.800.089;5.152.023;8.414.657;8.730.177;7.437.092;7.286.708;10.342.293;6.403.968;6.616.589;9.129.403;7.962.486;7.568.645;4.935.095;5.462.304;4.447.660;4.788.430;4.284.749;4.341.461;3.420.121;2.588.929;2.910.807;4.419.829;2.989.553;2.856.507;3.022.334;3.855.570;3.869.854;3.285.083;4.081.725;4.008.067;3.365.865;2.125.997;2.741.150;2.594.675;2.452.229;1.894.496;1.981.004;820.996;2.116.893;1.524.191;nd;1.506.219;16.626.545;*;2.152.213
11;ti_Cabernet Sauvignon;Cabernet Sauvignon;0;0;0;0;0;0;0;0;0;0;0;0;0;7.700;46.979;149.527;539.711;827.942;1.980.401;2.750.321;2.951.138;3.028.297;3.867.213;4.918.761;5.219.793;4.169.965;3.993.137;4.936.654;3.564.802;4.490.054;4.591.561;3.833.890;4.752.282;6.043.710;10.980.458;12.821.241;12.063.009;14.489.153;16.646.632;13.229.864;6.617.553;13.039.126;11.355.820;10.651.084;8.556.337;7.426.634;3.877.852;7.242.258;6.004.627;nd;5.889.427;1.857.999;*;5.917.173
12;ti_ Caladoc;Caladoc;0;0;0;0;0;0;0;0;0;0;0;0;0;0;0;0;0;0;0;0;0;0;0;0;0;0;0;0;0;0;0;0;0;0;0;0;240;1.100;0;0;0;0;0;2.480;3.300;4.000;2.180;8.500;4.740;nd;5.230;108.600;*;8.310
13;ti_Campanario;Campanario;0;0;0;0;0;0;0;0;0;0;0;0;0;0;910;1.660;845;1.090;2.900;1.920;0;0;0;0;0;0;17.045;0;0;0;0;0;0;0;0;0;0;0;0;0;0;0;0;0;0;0;0;0;0;nd;0;0;*;0
14;ti_Canaiolo;Canaiolo;596.766;607.921;552.841;257.854;372.657;730.961;300.405;467.572;423.578;987.080;475.017;701.411;812.569;403.013;345.227;455.665;271.645;139.047;266.265;182.381;131.742;218.689;222.229;35.348;29.646;16.364;11.404;2.095;1.354;1.961;4.927;47.142;500;170;2.299;0;0;0;0;0;0;0;0;0;0;0;0;0;0;nd;0;0;*;0
15;ti_Carignan;Carignan;0;11.796;7.537;5.693;4.535;0;0;0;3.231;2.621;0;0;406;463;546;1.733;1.508;359;128.366;0;0;48.657;0;0;15.582;5.784;10.777;176;0;0;0;20.838;0;0;0;0;0;0;0;0;0;0;0;0;0;0;0;0;0;nd;0;0;*;0
16;ti_Carmenere;Carmenere;1.235;18.288;22.154;4.150;33.114;54.120;35.879;96.442;149.018;100.811;70.779;132.650;102.813;19.499;123.660;89.699;61.422;41.224;35.458;15.236;55.499;23.812;8.743;3.393;1.748;10.722;878;11.115;10.100;15.050;26.460;4.120;49.380;131.949;265.819;386.202;234.940;328.254;223.269;130.269;85.264;50.125;48.990;44.414;66.632;134.180;87.402;69.275;241.808;nd;184.268;76.625;*;14.360
17;ti_Castelão;Castelão;0;0;0;0;0;0;0;0;0;0;0;0;0;0;0;0;0;0;0;0;0;0;0;0;0;0;0;0;0;0;0;0;0;0;468;494;494;487;23.252;16.240;16.230;26.790;0;0;0;0;0;0;0;nd;0;0;*;0
18;ti_Corvina;Corvina;0;0;0;0;0;0;0;0;0;0;0;0;0;0;0;0;0;0;0;0;0;0;0;0;0;0;0;0;0;0;0;0;0;0;0;0;0;0;710;680;100;1.110;1.200;1.382;1.406;1.397;419;1.890;0;nd;2.220;69.910;*;2.200
19;ti_Croatina;Croatina;0;0;0;0;0;0;0;0;0;0;0;0;0;0;0;0;0;0;0;0;0;0;0;0;0;0;0;0;0;0;0;0;0;0;800;760;3.012;4.700;0;0;0;0;0;0;0;0;0;0;0;nd;0;0;*;0
20;ti_Cinsaut;Cinsaut;0;0;0;0;0;0;0;0;0;0;0;4.148;6.229;11.047;13.522;7.195;2.446;5.871;22.362;24.663;27.386;17.020;13.230;17.745;18.060;9.500;243.012;6.000;5.700;14.800;0;0;0;0;0;0;0;0;0;0;0;0;0;0;0;0;0;3.430;0;nd;0;0;*;0
21;ti_Dom Felder;Dom Felder;0;0;0;0;0;0;0;0;0;0;0;0;0;0;0;0;0;0;0;0;0;0;0;0;0;0;0;0;0;0;0;0;0;0;0;0;0;17.590;0;0;0;0;0;0;0;0;0;0;0;nd;0;0;*;0
22;ti_Dolcetto;Dolcetto;0;0;0;0;0;0;0;0;0;0;0;0;0;0;0;0;0;0;0;0;0;0;0;0;0;0;0;0;0;0;0;0;0;0;4.496;5.634;0;0;0;0;0;0;0;0;0;0;0;0;0;nd;0;0;*;0
23;ti_Durif;Durif;0;0;0;0;0;0;0;0;0;0;0;11.134;7.496;3.052;0;0;0;0;0;0;0;0;0;0;0;0;0;0;0;0;0;0;0;0;0;0;0;0;0;0;0;0;0;0;0;0;0;0;0;nd;0;0;*;0
24;ti_Egiodola;Egiodola;0;0;0;0;0;0;0;0;0;0;0;0;0;0;0;0;0;0;0;0;0;0;0;0;0;0;0;0;0;188.625;325.911;373.345;512.792;625.861;859.275;1.070.153;899.584;1.265.676;1.366.406;1.157.679;845.205;1.544.746;992.241;1.059.250;911.280;1.053.654;519.874;1.567.341;1.047.960;nd;1.067.591;6.322.152;*;1.439.540
25;ti_Ekigaina;Ekigaina;0;0;0;0;0;0;0;0;0;0;0;0;0;0;0;0;0;0;0;0;0;0;0;0;0;0;0;0;0;0;0;0;0;0;0;0;0;0;1.720;0;0;1.350;2.630;1.720;600;1.090;0;1.340;2.070;nd;1.990;2.202.348;*;1.000
26;ti_Festival (Sugraone);Festival (Sugraone);0;0;0;0;0;0;0;0;0;0;0;0;0;0;0;0;0;0;0;0;0;0;0;0;0;0;0;0;0;0;0;0;0;0;0;0;0;0;0;0;0;18.007;0;0;0;0;0;0;0;nd;0;0;*;0
27;ti_Franconia;Franconia;0;0;0;0;0;0;0;0;0;0;0;0;0;0;0;0;0;0;0;0;0;0;0;0;0;0;0;0;0;0;0;0;0;0;0;0;0;3.633;0;0;9.310;0;0;0;0;0;0;0;0;nd;0;0;*;0
28;ti_Freisa;Freisa;1.661;1.519;1.005;0;713;1.713;1.098;0;0;382;0;0;0;213;0;4.208;0;0;0;0;0;0;0;0;0;0;0;0;0;0;0;0;0;0;0;0;0;6.727;0;0;0;0;0;0;41.403;24.452;0;22.610;14.020;nd;25.330;0;*;0
29;ti_Gamay St Romain;Gamay St Romain;0;0;189;0;0;3.498;0;1.226;14.517;37.287;52.878;167.142;298.609;430.780;519.843;895.817;788.089;603.449;777.214;735.344;399.023;255.846;297.597;253.209;137.064;20.523;66.767;140.363;154.220;569.713;86.966;55.041;46.993;40.051;32.533;64.571;22.755;45.266;59.576;38.260;44.153;20.830;10.995;11.615;11.180;31.935;0;12.835;12.675;nd;0;0;*;0
30;ti_Gamay Beaujolais;Gamay Beaujolais;0;0;0;0;0;0;0;0;0;0;0;0;0;0;0;48.410;0;0;447.830;175.560;558.237;364.550;311.457;386.708;506.944;548.553;528.897;320.585;450.296;215.226;557.368;351.732;230.492;342.824;508.063;339.559;249.021;320.115;316.366;208.276;84.074;164.201;163.664;135.405;113.038;121.516;45.952;150.331;152.384;nd;143.278;5.375.879;*;126.667
31;ti_Grand Noir;Grand Noir;0;930;603;0;0;3.056;1.787;0;713;6.320;3.012;0;0;0;0;27.537;21;56;4.264;0;0;0;245;410;420;440;378;520;422;0;0;0;459;536;0;0;0;0;0;0;0;0;0;0;0;0;0;0;0;nd;0;0;*;0
32;ti_Grenache;Grenache;19.753;22.418;18.488;4.924;19.945;30.867;1.541;15.367;13.012;6.100;6.268;12.138;17.212;12.094;16.473;0;15.851;6.043;12.090;18.136;3.289;1.305;484;406;0;0;0;0;0;0;298;0;0;0;0;0;0;0;0;0;0;1.180;0;0;0;0;0;0;0;nd;1.130;1.715.870;*;830
33;ti_Jaen;Jaen;0;0;0;0;0;0;0;0;0;0;0;0;0;0;0;0;0;0;0;0;0;0;0;0;0;0;0;0;0;0;0;0;0;0;576;2.824;4.290;215;1.037;3.642;0;0;0;0;0;0;0;0;0;nd;0;0;*;
34;ti_Lagrein;Lagrein;0;0;0;0;0;0;0;0;0;0;0;0;0;0;0;0;0;0;0;0;0;0;0;0;0;0;0;0;0;0;0;0;0;0;0;0;0;190;420;670;5.670;3.288;800;15.300;750;1.400;0;1.430;2.700;nd;3.020;94.970;*;3.100
35;ti_Lambrusco;Lambrusco;2.259;2.670;100;0;0;0;0;0;0;949;3.566;13.886;300;13.145;28.317;14.360;6.245;7.887;5.543;52.860;15.560;23.396;32.453;2.985;67.420;14.287;20.805;46.645;45.240;67.305;45.815;82.657;143.175;156.548;113.831;96.040;75.631;96.068;113.388;111.537;68.480;94.480;52.740;56.120;29.890;39.990;19.784;61.779;44.511;nd;29.320;3.221.972;*;15.620
36;ti_Malbec;Malbec;4.097;4.884;0;200;6.167;2.012;1.992;2.219;2.228;2.017;0;12.745;14.466;18.205;22.839;39.347;23.431;10.121;64.701;37.043;69.305;50.169;125.463;63.531;85.941;58.659;205.117;63.518;12.977;43.135;105.730;45.079;65.886;69.353;98.686;133.965;148.733;399.928;414.138;393.256;318.059;636.608;629.019;590.041;616.160;624.096;267.885;740.327;628.780;nd;493.966;8.502.206;*;584.141
37;ti_Marzemina;Marzemina;62.546;66.569;138.699;49.930;136.790;132.188;129.224;132.412;94.683;191.801;91.706;108.290;88.008;115.906;231.695;352.748;159.440;162.480;244.605;203.600;143.957;106.385;105.326;93.335;84.677;55.191;49.350;42.699;1.390;0;7.765;12.261;25.121;11.607;8.303;16.200;9.185;0;0;0;0;5.460;0;0;4.180;750;0;0;0;nd;0;0;*;390
38;ti_Merlot;Merlot;185.596;164.533;198.870;263.765;1.050.036;1.409.406;1.538.351;2.257.565;2.793.801;3.240.761;1.907.623;4.618.249;5.762.774;3.099.201;4.939.522;6.965.153;4.775.740;4.310.762;6.278.832;6.258.967;6.440.525;4.275.871;5.014.804;4.827.232;5.881.174;4.320.777;4.230.298;5.443.902;3.188.079;5.071.616;6.223.276;4.962.355;5.836.525;6.826.491;9.886.980;10.632.174;8.449.561;11.399.362;11.866.618;8.876.279;6.179.006;12.510.489;9.645.204;10.179.782;7.846.034;8.030.882;3.286.035;8.309.646;6.257.492;nd;6.010.486;494.356;*;7.179.442
39;ti_Marselan;Marselan;0;0;0;0;0;0;0;0;0;0;0;0;0;0;0;0;0;0;0;0;0;0;0;0;0;0;0;0;0;0;0;0;0;0;0;28.868;66.815;109.574;181.823;228.360;200.025;339.023;261.314;345.504;404.323;411.105;205.095;385.945;384.278;nd;449.156;154.348;*;988.860
40;ti_Mistura de uvas viníferas tinto ;Mistura de uvas viníferas tinto ;0;0;0;0;0;0;0;0;0;0;0;0;0;0;0;0;0;0;0;0;0;0;0;0;0;0;0;0;0;0;0;0;0;0;0;0;0;0;0;0;0;0;0;0;0;0;0;0;0;nd;0;0;*;700
41;ti_Molinera;Molinera;0;0;0;0;0;0;0;0;0;0;0;0;0;0;0;0;0;0;0;0;0;0;0;0;0;0;0;0;0;0;0;0;0;0;0;0;0;0;692;650;100;1.080;990;1.009;1.023;1.080;324;1.480;1.900;nd;2.198;569;*;2.600
42;ti_Montepulciano;Montepulciano;0;0;0;0;0;0;0;0;0;0;0;0;0;0;0;0;0;0;0;0;0;0;0;0;0;0;0;0;0;0;0;0;0;0;20.721;21.150;24.390;30.820;34.060;21.190;17.959;21.115;27.678;41.888;26.280;25.640;13.330;28.008;23.306;nd;22.968;28.485;*;42.503
43;ti_Moscato Bailey;Moscato Bailey;0;0;0;0;0;0;0;0;0;0;0;0;0;0;0;0;0;0;0;0;0;0;0;0;0;0;0;0;0;0;0;0;0;0;0;0;0;0;0;0;0;0;0;0;0;0;0;0;152.136;nd;206.348;3.541.181;*;170.188
44;ti_Napa Gamay;Napa Gamay;0;0;0;0;0;0;0;0;0;0;0;0;0;0;107.495;9.665;0;0;102.650;57.830;193.570;149.800;194.760;283.550;258.640;254.730;348.190;270.240;238.000;216.540;290.790;248.160;136.760;39.250;265.240;225.660;114.690;175.040;179.050;74.640;0;31.410;86.650;55.550;16.380;8.970;0;0;0;nd;0;0;*;0
45;ti_Nebbiolo;Nebbiolo;0;0;0;0;0;0;0;0;0;700;1.400;0;600;0;0;0;357;4.000;6.454;0;28.600;226.893;200.187;0;0;16.293;89.670;13.639;12.305;0;80;0;0;4.000;4.664;6.671;11.082;13.971;10.019;14.148;11.986;21.342;37.530;9.327;7.223;12.754;3.117;5.494;9.236;nd;8.642;254.738;*;26.788
46;ti_Petit Verdot;Petit Verdot;0;0;0;0;0;0;0;0;0;0;0;0;0;0;0;0;0;0;0;0;0;0;0;0;0;0;0;0;0;0;0;0;0;0;14.994;41.706;45.425;57.029;50.933;56.031;109.942;127.549;102.402;167.522;75.010;135.770;116.266;230.640;83.552;nd;228.503;277.189;*;207.896
47;ti_Petite Sirah;Petite Sirah;0;0;0;0;0;0;0;0;0;0;0;0;0;836.158;33.693;73.075;99.786;61.205;140.196;223.434;208.765;86.215;102.830;92.638;117.771;112.839;92.374;222.324;78.455;109.791;177.654;109.805;106.091;28.210;64.909;137.568;87.550;99.577;77.759;121.525;29.457;98.861;149.196;105.934;47.834;48.483;24.564;92.818;110.361;nd;174.949;198.152;*;173.887
48;ti_Pinotage;Pinotage;0;0;0;0;0;0;0;0;0;0;0;0;0;0;5.861;15.236;13.483;9.527;19.945;44.697;76.979;97.269;231.618;286.349;409.495;367.315;641.203;524.028;629.762;935.337;1.851.305;1.432.456;1.111.531;1.181.440;1.471.881;1.994.817;996.781;1.113.861;1.578.657;978.575;644.072;1.075.863;863.296;816.883;479.202;560.195;119.773;474.105;398.794;nd;302.532;1.281.674;*;397.456
49;ti_Pinot Noir;Pinot Noir;0;0;13.440;10.433;18.178;14.724;2.204;1.368;1.538;2.217;20.601;7.076;10.948;14.049;37.268;127.953;202.820;125.181;350.891;360.511;409.901;320.721;421.419;467.644;573.840;505.493;604.623;594.713;276.386;471.462;621.890;479.490;496.588;443.895;1.054.529;1.704.403;1.161.465;1.270.351;1.930.823;1.387.200;1.309.849;2.513.274;2.799.071;2.392.357;2.592.701;3.125.882;1.279.105;3.676.000;3.240.209;nd;3.588.106;6.184.345;*;4.182.135
50;ti_Pinot Saint George;Pinot Saint George;0;0;0;0;0;0;0;0;0;0;0;0;0;0;0;0;47.600;45.000;83.400;67.500;118.160;84.550;159.380;187.870;199.540;189.480;209.420;210.980;171.750;195.560;255.810;121.430;114.360;10.840;114.110;176.810;48.830;72.560;28.170;29.180;0;7.600;20.920;14.120;2.480;0;0;0;0;nd;0;0;*;5.060
51;ti_Piriquita;Piriquita;0;0;0;0;0;0;0;0;0;0;0;0;0;0;0;0;0;0;0;0;0;0;0;0;0;0;0;0;0;0;0;0;0;0;0;0;12.845;0;0;0;0;0;0;0;0;0;0;0;0;nd;0;0;*;0
52;ti_Primitivo;Primitivo;0;0;0;0;0;0;0;0;0;0;0;0;0;0;0;0;0;0;0;0;0;0;0;0;0;0;0;0;0;0;0;0;0;0;0;0;0;0;0;0;0;0;0;0;0;0;0;0;0;nd;0;0;*;1.650
53;ti_Rebo;Rebo;0;0;0;0;0;0;0;0;0;0;0;0;0;0;0;0;0;0;0;0;0;0;0;0;0;0;0;0;0;0;0;0;0;0;0;0;550;3.000;7.610;4.240;1.650;27.620;16.440;19.780;13.420;22.290;12.470;44.440;94.480;nd;177.172;15.912;*;330.784
54;ti_Refosco;Refosco;0;0;0;0;0;0;0;0;0;0;0;0;0;0;0;0;0;0;0;0;0;0;0;0;0;0;0;0;0;0;0;0;0;0;37.155;42.207;26.537;17.415;59.340;10.430;9.466;18.705;12.120;12.080;13.240;9.310;3.260;5.240;7.320;nd;0;380;*;0
55;ti_Rondinella;Rondinella;0;0;0;0;0;0;0;0;0;0;0;0;0;0;0;0;0;0;0;0;0;0;0;0;0;0;0;0;0;0;0;0;0;0;0;0;0;0;668;648;100;1.150;1.020;1.089;1.053;1.110;333;1.899;1.990;nd;2.340;684.860;*;5.280
56;ti_Ruby Cabernet;Ruby Cabernet;0;0;0;0;0;0;0;0;0;0;0;0;0;0;204;426;21;700;6.800;4.678;0;0;220;2.119;5.813;13.553;16.653;17.004;16.033;24.678;42.699;76.483;178.033;264.363;595.080;546.629;654.931;782.800;679.484;532.095;379.720;582.497;470.683;526.124;486.527;388.019;220.231;382.994;248.992;nd;218.783;78.412;*;163.069
57;ti_Sangiovese;Sangiovese;27.566;59.316;62.175;38.315;59.834;63.279;46.663;71.194;49.178;131.721;166.706;162.563;182.898;173.104;173.005;144.839;77.509;90.701;118.475;96.497;59.620;244.050;254.588;34.344;99.024;13.099;8.042;3.312;0;0;684;1.306;15.572;33.400;127.049;190.769;133.402;115.475;405.224;303.438;258.484;359.833;280.756;277.679;122.632;135.962;26.601;89.404;63.832;nd;85.292;3.324.793;*;92.540
58;ti_Saperavi ;Saperavi ;0;0;0;0;0;0;0;0;0;0;0;0;0;0;0;0;0;0;0;0;0;0;0;0;0;0;0;0;0;0;0;0;0;0;0;0;0;0;0;0;0;0;0;0;0;0;0;0;0;nd;0;0;*;13.323
59;ti_Sira (falsa);Sira (falsa);3.127.989;3.886.509;3.299.301;2.179.909;2.623.809;4.303.504;3.705.465;2.780.195;3.004.243;3.141.820;2.067.161;2.015.864;2.113.514;484.585;1.176.744;1.272.377;695.871;520.216;228.050;191.080;182.243;46.003;45.992;43.674;4.781;5.327;0;28.137;0;0;0;807;0;559;4.792;0;0;0;14.145;0;0;0;0;0;0;0;0;0;0;nd;0;0;*;0
60;ti_Tannat;Tannat;0;0;0;0;0;0;0;0;0;0;0;0;0;65.320;65.320;43.800;68.352;43.762;129.001;137.749;351.017;532.348;1.153.030;948.885;2.153.279;1.791.208;1.762.327;1.511.421;1.270.299;2.077.578;3.487.128;2.051.940;1.893.300;2.285.423;3.263.479;4.561.255;3.055.931;3.514.880;4.711.255;4.199.190;2.266.985;4.152.135;4.585.214;3.612.439;2.644.014;2.761.604;985.207;3.668.851;2.940.306;nd;3.571.972;2.634.802;*;5.712.207
61;ti_Tempranillo;Tempranillo;0;0;0;0;0;0;0;0;0;0;0;0;0;0;0;0;0;0;0;0;0;0;0;0;0;0;0;0;0;0;0;0;0;12.160;59.028;96.125;111.158;192.063;241.017;242.484;63.526;256.836;283.929;219.163;119.398;182.579;210.551;357.637;278.456;nd;442.330;968.038;*;375.165
62;ti_Teroldego;Teroldego;0;0;0;0;0;0;0;0;0;0;0;0;0;0;0;0;0;0;0;0;0;0;0;0;0;0;0;0;0;0;0;0;0;0;7.193;41.912;51.645;61.659;69.876;105.372;68.593;179.095;157.368;124.542;87.820;97.455;34.019;87.034;77.625;nd;106.764;717.757;*;123.714
63;ti_Torrontes;Torrontes;0;0;0;0;0;0;0;0;0;0;0;0;0;0;0;0;0;0;0;0;0;0;0;0;0;0;0;0;0;0;0;0;0;0;0;0;0;0;0;0;0;0;4.300;3.090;9.580;10.070;1.490;14.630;16.350;nd;9.700;0;*;23.500
64;ti_Tinta Barroca;Tinta Barroca;0;0;0;0;0;0;0;0;0;0;0;0;0;0;0;0;0;0;0;0;0;0;0;0;0;0;0;0;0;0;0;0;0;0;0;0;0;6.520;12.870;6.710;0;0;0;0;0;0;0;0;0;nd;0;0;*;0
65;ti_Tinta Roriz ;Tinta Roriz ;0;0;0;0;0;0;0;0;0;0;0;0;0;0;0;0;0;0;0;0;0;0;0;0;0;0;0;0;0;0;0;0;0;0;0;0;0;0;0;0;0;0;0;0;0;0;0;0;0;nd;0;0;*;3.006
66;ti_Touriga Francesa;Touriga Francesa;0;0;0;0;0;0;0;0;0;0;0;0;0;0;0;0;0;0;0;0;0;0;0;0;0;0;0;0;0;0;0;0;0;0;6.775;4.680;0;0;0;0;0;0;0;0;0;0;0;0;0;nd;0;0;*;0
67;ti_Touriga Nacional;Touriga Nacional;0;0;0;0;0;0;0;0;0;0;0;0;0;0;0;0;0;0;0;0;0;0;0;0;0;0;0;0;0;0;0;0;0;0;26.448;52.099;42.376;127.462;101.376;131.833;97.629;189.928;133.820;136.565;86.460;136.611;53.552;108.245;122.015;nd;150.166;38.910;*;171.866
68;ti_Tinta Madeira;Tinta Madeira;0;0;0;0;0;0;0;0;0;0;0;0;0;0;0;2.508;1.733;179;1.493;0;54;0;0;0;0;0;0;0;0;0;0;0;1.300;0;0;0;0;0;0;0;0;0;0;0;0;0;0;0;0;nd;0;0;*;0
69;ti_Tintoria;Tintoria;0;0;0;0;0;0;0;0;0;0;0;0;0;0;0;21.260;0;14.930;0;0;14.526;7.218;0;0;0;0;3.035;0;0;0;0;0;0;0;0;0;0;0;0;0;0;0;0;0;0;0;0;0;0;nd;0;0;*;0
70;ti_Trincdeira;Trincdeira;0;0;0;0;0;0;0;0;0;0;0;0;0;0;0;0;0;0;0;0;0;0;0;0;0;0;0;0;0;0;0;0;0;0;3.996;5.780;3.591;255;0;0;0;0;0;0;0;0;0;0;0;nd;0;0;*;0
71;ti_Trousseau;Trousseau;0;0;0;0;0;0;0;0;0;0;0;0;0;0;0;0;0;0;0;0;0;0;0;0;0;16.019;0;0;0;0;0;0;0;0;0;0;0;0;0;0;0;0;0;0;0;0;0;0;0;nd;0;0;*;0
72;ti_Zinfandel;Zinfandel;0;0;0;0;0;0;0;0;0;0;0;0;0;0;0;198;41.460;45.226;70.341;310.520;1.567.535;1.216.093;1.816.589;2.500.275;2.517.495;1.885.121;1.011.625;1.689.415;593.579;84.271;189.989;140.148;74.289;60.875;1.541;479;0;0;0;0;372;0;0;0;0;0;0;0;0;nd;0;0;*;0
73;ti_Outras1;Outras1;0;0;0;0;0;0;0;0;0;0;0;0;0;0;0;0;0;0;0;0;0;0;0;0;0;0;0;0;0;7.690;10.833;15.000;620;0;0;0;0;0;0;0;0;0;0;0;0;0;0;0;0;nd;0;0;*;0
74;BRANCASEROSADAS;BRANCAS E ROSADAS;18.858.541;22.168.237;18.073.470;12.213.901;25.625.874;29.361.700;29.805.536;32.674.849;30.557.815;36.390.466;28.354.293;39.473.039;46.757.024;32.040.687;41.615.070;66.103.513;47.542.250;48.998.099;77.578.061;76.181.146;73.556.749;46.526.526;53.561.836;53.106.956;52.888.752;46.675.896;42.887.098;44.119.355;32.115.220;40.486.844;49.613.743;31.608.881;28.623.940;21.018.356;27.340.450;29.066.571;22.335.925;28.254.191;34.602.464;32.556.903;22.104.122;37.931.015;36.519.724;36.958.341;35.769.155;40.130.577;18.769.366;44.058.213;38.722.156;nd;41.004.206;71.266.239;*;63.676.298
75;br_Aliatico;Aliatico;0;0;0;0;0;0;0;0;0;0;0;0;0;0;0;0;0;1.587;1.850;444;0;0;0;0;0;0;0;0;0;0;0;0;0;0;0;0;0;0;0;0;0;0;0;0;0;0;0;0;0;nd;0;0;*;0
76;br_Aligote;Aligote;530;1.000;1.969;0;618;5.009;372;0;720;0;0;482;590;756;938;0;0;0;0;0;0;0;0;0;0;53.465;0;0;23.716;0;0;0;90;0;0;0;0;0;0;0;0;2.640;0;0;0;0;0;0;0;nd;0;0;*;0
77;br_Altesse;Altesse;0;0;0;0;0;0;0;0;0;248;550;5.430;11.086;12.938;15.903;36.111;43.477;8.556;39.549;42.682;40.662;18.270;31.166;24.592;28.012;13.250;110.708;0;0;0;0;0;0;0;0;0;0;0;0;0;0;0;0;0;0;0;0;0;0;nd;0;0;*;0
78;br_Alvarinho;Alvarinho;0;0;0;0;0;0;0;0;0;0;0;0;0;0;0;0;0;0;0;0;0;0;0;0;0;0;0;0;0;0;0;0;0;0;476;1.596;0;2.477;1.071;1.675;1.088;6.668;5.081;12.413;16.147;9.860;16.369;41.225;32.647;nd;46.574;242.238;*;150.467
79;br_Arriloba;Arriloba;0;0;0;0;0;0;0;0;0;0;0;0;0;0;0;0;0;0;0;0;0;0;0;0;0;0;0;0;17.439;26.135;0;36.661;34.696;32.954;49.339;45.825;27.410;22.832;51.380;35.375;33.750;38.390;40.000;28.829;31.140;34.120;17.070;5.280;2.580;nd;2.940;0;*;0
80;br_Auxerrois;Auxerrois;0;0;0;0;0;0;0;0;0;0;0;0;0;0;0;2.020;0;3.057;0;0;0;980;640;0;0;0;361;616;0;0;0;0;0;0;0;0;0;0;0;0;0;0;0;0;0;0;0;0;0;nd;0;0;*;0
81;br_Burger;Burger;0;0;0;0;0;0;0;0;0;0;0;0;0;0;0;2.665;20.591;0;4.280;0;0;0;0;18.394;12.215;17.093;14.640;25.067;12.295;14.427;13.028;6.507;0;0;0;0;0;0;0;0;0;0;0;0;0;0;0;0;0;nd;0;0;*;0
82;br_Chardonnay;Chardonnay;0;0;0;0;0;0;0;0;0;0;0;766;2.590;12.370;17.191;191.484;352.746;396.887;1.016.199;1.379.927;1.310.807;2.185.942;3.127.459;4.940.497;6.118.355;3.271.043;3.402.706;4.745.010;2.966.716;1.501.537;2.873.611;2.197.800;1.604.484;1.568.275;1.745.396;4.441.390;1.830.171;1.752.488;5.829.449;4.812.743;3.836.555;4.916.344;6.347.044;6.174.156;5.821.514;7.253.167;3.070.142;7.856.910;6.068.902;nd;6.514.864;4.200.465;*;8.315.602
83;br_Chasselas;Chasselas;0;0;13.255;0;0;0;271;0;0;916;1.524;18.384;44.280;34.988;48.466;160.169;123.305;100.699;189.452;249.408;239.011;114.585;135.893;171.949;113.748;112.411;126.389;130.461;80.410;267.566;179.914;89.938;113.502;53.094;84.254;103.057;111.200;48.268;58.390;32.425;47.099;29.543;0;0;0;0;0;0;0;nd;0;0;*;0
84;br_Chenin Blanc;Chenin Blanc;0;0;0;0;0;0;0;0;0;0;0;0;228;14.681;14.678;40.276;110.067;97.373;226.826;217.512;386.466;504.502;383.916;515.270;461.153;557.814;493.923;588.756;398.013;492.063;496.981;343.919;231.841;44.622;386.277;519.802;400.160;355.185;362.750;347.230;73.720;212.900;257.090;264.090;146.760;173.321;60.580;266.524;387.360;nd;465.377;49.100;*;298.406
85;br_Clairette(1);Clairette(1);146.617;116.887;120.166;94.006;116.154;139.266;144.596;87.281;86.242;86.382;29.871;52.133;67.028;5.834;11.168;13.929;12.182;910;0;0;754;0;0;0;5.228;0;153.092;0;0;0;0;0;0;0;0;0;0;0;0;0;0;949;0;0;0;0;0;0;0;nd;0;0;*;
86;br_Colombard;Colombard;0;0;0;0;0;0;0;0;0;0;0;0;0;0;0;0;14.480;23.000;32.200;28.460;38.460;26.500;89.500;128.370;117.660;0;203.100;0;171.673;282.698;343.181;276.372;208.977;153.359;451.264;654.642;518.836;593.625;879.719;717.624;479.201;445.104;773.273;673.158;563.589;512.199;201.659;535.573;522.866;nd;467.614;97.713;*;374.903
87;br_Flora;Flora;0;0;0;0;0;0;0;0;0;0;0;0;0;28.568;28.570;53.233;52.143;73.563;132.433;163.005;184.768;212.220;335.242;423.725;345.158;476.088;346.727;585.629;311.974;496.779;581.824;452.383;215.546;323.181;259.473;339.979;251.511;176.396;176.229;131.760;35.860;37.620;68.260;72.410;45.240;25.090;1.050;5.810;2.060;nd;0;0;*;0
88;br_Garganega;Garganega;0;0;0;0;0;0;0;0;0;0;0;0;0;0;0;0;0;0;0;0;0;0;0;0;0;0;0;0;0;0;0;0;0;0;53.010;45.800;35.110;16.970;8.530;3.170;0;0;0;0;0;0;0;0;0;nd;540;439.160;*;400
89;br_Gewurztraminer;Gewurztraminer;0;0;0;0;0;0;0;0;0;0;0;1.008;1.258;2.438;8.573;88.037;206.986;314.215;740.238;1.266.410;1.616.040;1.648.915;1.220.343;1.663.736;1.206.405;751.049;844.959;838.944;417.301;293.892;474.897;291.364;161.367;92.344;253.539;315.932;142.266;284.818;196.483;155.338;105.186;206.833;327.678;239.469;162.083;207.303;85.385;223.350;208.171;nd;192.058;3.201.453;*;239.070
90;br_Gouveio;Gouveio;0;0;0;0;0;0;0;0;0;0;0;0;0;0;0;0;0;0;0;0;0;0;0;0;0;0;0;0;0;0;0;0;0;0;596;1.452;5.312;5.848;2.090;7.830;4.358;0;0;0;0;0;0;0;0;nd;0;0;*;0
91;br_Gros Manseng;Gros Manseng;0;0;0;0;0;0;0;0;0;0;0;0;0;0;0;0;0;0;0;0;0;0;0;0;0;0;0;0;0;0;0;0;0;0;1.744;4.360;2.500;5.770;1.800;3.289;4.430;7.220;0;4.640;4.830;7.410;0;5.680;2.430;nd;6.296;0;*;4.510
92;br_Italia (Pirovano 65) (PE);Italia (Pirovano 65) (PE);0;0;0;0;0;0;0;0;0;0;0;0;0;0;0;0;0;0;0;0;0;0;0;0;0;0;0;0;0;0;0;0;0;0;0;0;0;0;0;2.650;2.230;6.405;61.799;5.671;40.230;37.820;0;180;2.942;nd;200;1.858.705;*;10.350
93;br_Maccabeo;Maccabeo;0;0;0;0;0;0;0;0;0;0;0;0;0;0;0;0;0;0;0;0;0;0;0;0;0;0;0;0;0;0;0;0;0;0;0;0;0;0;0;0;0;0;0;3.558;0;17.670;0;0;0;nd;0;0;*;0
94;br_Malvasia;Malvasia;878.012;611.457;763.732;645.868;795.847;1.405.733;332.150;378.085;1.068.838;1.747.354;2.115.375;1.614.552;2.522.725;1.526.008;1.886.676;3.422.293;2.261.265;1.526.629;3.392.751;3.428.752;3.945.671;2.006.859;2.279.929;2.986.640;2.786.463;2.855.822;1.587.944;1.957.293;1.718.461;1.184.410;0;0;0;0;0;0;0;0;0;0;0;0;0;0;0;0;0;0;0;nd;0;0;*;0
95;br_Malvasia Amarela;Malvasia Amarela;0;0;0;0;0;0;0;0;0;0;0;0;0;0;0;0;0;0;0;0;0;0;0;0;27.040;0;0;0;0;175.917;400.884;326.928;228.062;160.402;169.923;184.579;61.112;94.281;131.350;153.905;251.587;107.015;115.147;519.959;149.663;119.930;10.100;44.445;52.936;nd;24.440;3.980;*;67.467
96;br_Malvasia Bianca;Malvasia Bianca;0;0;0;0;0;0;0;0;0;0;0;0;0;0;0;0;0;0;0;2.046;12.319;16.474;18.306;34.816;0;0;0;40.689;4.710;0;1.792.354;785.519;637.835;407.387;350.631;359.199;192.862;191.316;325.942;281.064;49.176;138.608;119.122;184.949;414.603;602.081;217.177;629.101;574.521;nd;494.343;1.165.104;*;80.786
97;br_Malvasia Chianti;Malvasia Chianti;0;0;0;0;0;0;0;0;0;0;0;0;0;0;0;0;0;0;0;0;0;0;0;0;0;0;0;0;0;0;0;0;0;0;18.411;24.030;14.705;15.235;4.730;0;2.142;0;0;5.061;7.632;0;1.314;0;0;nd;0;0;*;0
98;br_Malvasia Verde;Malvasia Verde;0;0;0;0;0;0;0;0;0;0;0;0;0;0;0;0;0;0;0;18.637;0;0;10.510;0;65.144;0;0;0;0;173.550;60.915;244.313;201.609;165.991;285.416;145.111;145.670;253.369;289.366;331.718;83.565;60.776;10.979;18.690;8.825;5.108;2.460;10.457;15.220;nd;26.597;3.578;*;46.510
99;br_Malvasia di Candia;Malvasia di Candia;0;0;0;0;0;0;0;0;0;0;0;0;0;0;7.318;0;0;0;0;0;0;0;0;0;0;0;0;0;0;0;403.192;273.020;135.690;134.390;146.558;160.845;228.221;283.476;628.749;739.588;649.194;1.727.224;1.825.193;1.692.882;1.888.539;2.512.864;1.268.750;2.785.543;2.557.871;nd;3.389.071;1.544.223;*;6.869.071
100;br_Malvasia Istriana;Malvasia Istriana;0;0;0;0;0;0;0;0;0;0;0;0;0;0;0;0;0;0;0;0;0;0;0;0;0;0;0;0;0;0;0;0;0;0;0;300;0;0;0;0;0;0;0;0;0;0;0;0;0;nd;1.090;950;*;0
101;br_Mistura de uvas viníferas;Mistura de uvas viníferas branco;0;0;0;0;0;0;0;0;0;0;0;0;0;0;0;0;0;0;0;0;0;0;0;0;0;0;0;0;0;0;0;0;0;0;0;0;0;0;0;0;0;0;0;0;0;0;0;0;0;nd;0;12.278;*;41.078
102;br_Mistura de uvas viníferas;Mistura de uvas viníferas rosado;0;0;0;0;0;0;0;0;0;0;0;0;0;0;0;0;0;0;0;0;0;0;0;0;0;0;0;0;0;0;0;0;0;0;0;0;0;0;0;0;0;0;0;0;0;0;0;0;0;nd;0;325.922;*;1.100
103;br_Moscato_branco;Moscato Branco;5.772.931;5.334.475;5.378.768;3.490.996;10.348.989;8.716.599;9.297.817;10.212.209;8.696.749;11.743.280;7.650.069;12.114.399;13.984.946;9.067.746;11.156.471;18.464.456;12.858.661;15.436.116;22.528.034;22.513.823;19.690.691;9.533.114;19.854.192;15.255.972;14.611.629;14.045.052;14.374.633;13.576.155;9.495.554;19.636.525;19.535.723;12.038.417;13.809.332;9.788.714;13.066.588;10.145.908;10.748.618;15.717.087;14.744.061;14.294.841;8.595.609;16.871.284;13.322.429;13.136.399;12.669.980;12.788.740;6.068.181;14.475.142;11.202.231;nd;11.868.851;12.100.995;*;20.657.082
104;br_Moscato Canelli;Moscato Canelli;0;0;0;0;0;0;0;0;0;0;0;0;0;0;0;0;7.554;0;0;0;0;0;0;0;0;0;0;0;0;0;0;7.581;19.758;1.059;13.112;461.612;57.796;84.053;65.107;61.009;55.811;92.887;123.255;64.800;85.785;72.462;30.378;57.083;121.008;nd;138.482;109.714;*;351.555
105;br_Moscato Giallo;Moscato Giallo;0;0;0;0;0;0;0;0;0;0;0;0;0;0;0;0;0;0;0;0;0;0;0;0;0;0;0;0;0;1.217;17.700;115.727;357.251;349.892;691.230;703.485;776.846;1.173.519;1.122.457;1.446.926;1.151.570;1.949.920;1.641.498;1.813.522;1.742.605;1.785.956;813.952;2.091.933;1.590.531;nd;1.597.829;6.365.205;*;3.111.774
106;br_Moscato Nazareno;Moscato Nazareno;0;0;0;0;0;0;0;0;0;0;0;0;0;0;0;0;0;0;0;0;0;0;0;0;0;0;0;0;0;0;0;287.347;401.583;503.500;948.435;921.620;544.530;616.480;1.035.000;858.910;690.210;882.104;633.606;831.206;886.808;886.075;361.638;890.655;639.810;nd;554.762;77.912;*;504.982
107;br_Moscato Bianco R2;Moscato Bianco R2;0;0;0;0;0;0;0;0;0;0;0;0;0;0;0;0;0;0;0;0;0;0;0;0;0;0;0;0;0;0;0;0;0;0;287.021;443.153;331.718;406.650;430.599;510.594;317.404;808.748;618.266;678.267;770.265;863.910;257.647;868.260;867.445;nd;864.917;2.920.047;*;1.211.053
108;br_Moscato de Alexandria;Moscato de Alexandria;0;0;0;0;0;0;0;0;0;0;0;0;0;0;0;0;0;0;0;0;0;0;0;0;0;0;0;0;0;0;0;0;0;0;20.550;45.277;32.129;51.979;85.756;87.359;41.426;105.384;184.748;211.532;160.290;192.945;53.037;115.910;95.647;nd;153.442;431.897;*;404.111
109;br_Moscato Rosado;Moscato Rosado;0;0;0;0;0;0;0;0;0;0;0;0;0;0;0;0;0;0;0;0;0;0;0;0;0;0;0;0;0;0;31.105;1.872;13.219;0;0;0;5.310;1.226;0;0;2.396;7.617;0;0;0;0;0;0;0;nd;500;15.030;*;900
110;br_Muscat a Petits Grains;Muscat à Petits Grains;0;0;0;0;0;0;0;0;0;0;0;0;0;0;0;0;0;0;0;0;0;0;0;0;0;0;0;0;0;0;0;0;0;0;0;0;0;0;0;0;0;0;0;0;0;0;0;0;3.000;nd;8.030;895.346;*;6.000
111;br_Muller Thurgau;Muller Thurgau;0;0;0;0;0;0;0;0;0;0;0;0;0;0;0;2.028;7.026;11.881;17.629;17.142;36.313;19.915;26.382;31.497;40.535;27.587;15.307;19.699;15.232;19.128;22.207;12.530;7.770;3.820;3.000;0;0;0;0;0;0;0;0;0;0;0;0;0;0;nd;0;0;*;0
112;br_Muscadelle;Muscadelle;0;0;0;0;0;0;0;0;0;0;0;0;0;0;0;0;0;0;0;2.007;5.536;5.515;4.425;5.430;4.215;600;842;1.342;2.489;0;0;0;0;0;0;0;0;0;0;0;0;0;0;0;0;0;0;0;0;nd;0;0;*;0
113;br_Ora;Ora;0;0;0;0;0;0;0;0;0;0;0;0;0;0;0;0;0;0;0;0;0;0;0;0;0;0;0;0;0;0;0;0;0;0;0;0;0;0;0;0;4.045;0;0;0;0;0;0;0;0;nd;0;0;*;0
114;br_Palomino;Palomino;0;0;0;0;0;715;0;1.156;1.430;2.507;3.917;5.329;5.687;7.328;19.500;30.395;46.533;50.919;62.679;64.664;58.657;50.188;75.366;107.812;16.137;17.661;29.436;16.819;13.406;19.023;28.451;19.125;7.959;5.500;4.530;4.184;2.270;0;0;0;0;0;0;0;0;0;0;0;0;nd;0;0;*;0
115;br_Petit Manseng;Petit Manseng;0;0;0;0;0;0;0;0;0;0;0;0;0;0;0;0;0;0;0;0;0;0;0;0;0;0;0;0;0;0;0;0;0;0;0;0;0;0;0;0;0;0;0;0;0;0;0;0;1.430;nd;0;570;*;3.915
116;br_Peverella;Peverella;2.084.128;2.117.931;1.087.692;1.416.283;1.596.138;2.648.598;1.908.436;1.389.009;2.110.072;1.959.410;1.047.031;1.508.861;2.423.524;1.375.905;1.288.629;2.630.718;2.036.768;1.683.632;1.848.715;1.943.429;2.072.218;1.369.962;830.149;1.002.158;1.590.524;781.672;541.364;522.848;543.544;224.731;556.215;325.243;282.527;159.457;189.972;192.474;137.031;111.726;103.270;48.994;28.945;64.218;43.656;44.137;28.452;40.719;5.557;16.350;33.439;nd;15.858;70.925;*;45.898
117;br_Pinot Blanc;Pinot Blanc;4.000;0;0;0;0;479;2.066;11.984;21.313;930;900;572;1.825;9.076;15.611;129.010;168.354;229.908;413.142;516.219;801.355;779.277;356.714;496.546;563.207;519.140;536.426;421.175;257.467;229.112;486.786;227.064;170.590;63.768;77.942;60.704;12.245;14.620;40.109;8.030;16.940;26.307;10.174;8.720;5.980;7.218;0;0;17.028;nd;3.000;0;*;1.310
118;br_Pinot Gris;Pinot Gris;0;0;0;0;0;0;0;0;0;0;0;0;0;0;0;0;0;0;0;2.680;4.771;4.324;5.821;4.054;4.091;1.548;3.358;992;0;257;0;0;0;0;2.904;23.206;41.070;28.779;41.660;52.000;36.036;158.788;187.685;126.844;118.123;118.118;67.394;165.697;98.728;nd;183.818;79.922;*;178.683
119;br_Prosecco;Prosecco;0;0;0;0;0;0;0;0;0;0;0;0;7.771;8.211;9.327;108.830;122.524;235.512;449.028;401.705;364.665;266.752;249.335;319.841;358.042;269.092;325.159;319.186;249.502;228.568;455.579;365.590;360.238;341.380;395.644;789.457;917.214;910.158;1.930.887;2.169.397;1.345.161;2.720.048;2.420.715;2.852.648;3.030.347;3.319.779;1.873.735;3.342.655;4.018.371;nd;4.393.451;184.218;*;7.856.146
120;br_Red Veltliner;Red Veltliner;0;0;0;0;0;0;0;0;0;0;0;1.156;4.240;1.499;2.440;4.689;2.522;654;1.512;0;0;0;0;0;5.917;9.016;10.527;0;0;0;0;0;0;0;0;0;0;0;0;0;0;0;0;0;0;0;0;0;0;nd;0;0;*;0
121;br_Riesling Italico;Riesling Italico;413.149;404.159;304.688;402.329;1.413.722;1.549.553;1.505.603;1.782.484;1.609.807;1.886.081;2.360.144;3.447.930;3.752.318;3.402.460;4.557.416;7.207.668;4.267.206;8.110.697;10.052.438;9.385.386;11.632.192;7.151.423;7.351.738;7.711.434;8.114.641;8.708.541;8.270.792;8.184.477;4.532.556;6.573.788;8.855.066;5.573.372;3.821.716;3.135.257;2.964.308;3.496.056;1.901.717;1.960.822;2.698.892;2.466.530;2.120.405;2.618.429;3.172.992;3.069.854;2.705.224;3.468.606;1.697.248;4.283.929;3.724.926;nd;3.020.102;20.399.648;*;4.642.666
122;br_Riesling Renano;Riesling Renano;0;0;0;0;0;0;0;0;0;0;0;0;0;0;5.224;163.005;426.596;0;1.505.571;2.105.616;501.972;456.345;987.266;1.388.349;480.873;831.082;609.615;616.675;859.540;479.779;380.135;212.917;154.533;95.021;282.012;252.740;213.256;242.940;243.690;90.530;96.828;125.166;195.120;99.230;94.276;153.605;53.550;105.100;121.020;nd;108.260;13.385.970;*;126.736
123;br_Sauvignon Blanc(2);Sauvignon Blanc(2);2.819;5.492;49.244;12.886;71.812;43.487;66.163;1.161.046;1.267.449;710.596;677.739;880.228;122.285;109.219;65.207;190.061;250.087;251.663;387.957;594.507;764.746;964.644;677.896;1.108.383;1.061.444;1.007.060;945.476;1.022.535;722.142;840.555;1.156.987;805.245;544.973;441.667;690.146;738.053;606.465;618.034;608.983;657.286;350.866;612.060;855.045;633.633;515.939;614.222;295.942;677.028;517.760;nd;818.549;728.633;*;818.122
124;br_Sauvignon Gris;Sauvignon Gris;0;0;0;0;0;0;0;0;0;0;0;0;0;0;0;0;0;0;0;0;0;0;0;0;0;0;0;0;0;0;0;0;0;0;0;0;0;3.213;5.534;2.147;3.629;8.513;2.854;3.737;921;1.504;0;0;0;nd;1.028;0;*;0
125;br_Seara Nova;Seara Nova;0;0;0;0;0;0;0;0;0;0;0;0;5.300;165;425;1.640;965;2.273;5.965;5.941;9.338;6.958;17.061;17.691;53.320;90.957;90.729;72.809;3.707;9.550;18.890;9.120;0;824;6.597;3.900;0;0;0;0;0;0;0;0;0;0;0;0;0;nd;0;0;*;0
126;br_Semillon;Semillon;1.916;0;5.172;20.447;91.675;99.569;227.838;371.084;969.832;1.125.402;1.150.235;1.547.289;2.699.929;2.868.842;3.930.216;7.393.292;6.503.648;6.382.755;9.118.811;8.974.449;9.189.656;4.808.084;4.049.116;4.720.136;4.777.683;4.168.130;4.078.162;3.656.512;2.794.570;2.710.748;4.310.660;2.778.595;2.037.827;1.129.580;1.284.398;1.375.957;600.858;408.016;562.371;382.995;165.518;312.204;336.252;335.323;149.939;177.672;57.635;188.211;225.952;nd;193.760;4.000;*;112.905
127;br_Schonburger;Schonburger;0;0;0;0;0;0;0;0;0;0;0;0;0;0;0;0;0;0;0;0;0;0;0;0;0;0;0;0;0;0;0;0;0;0;0;2.155;6.505;15.239;17.687;16.930;0;14.538;21.348;14.087;5.194;0;0;7.454;14.354;nd;14.499;5.500;*;12.687
128;br_Sylvaner;Sylvaner;0;0;0;0;0;0;0;0;159;1.774;5.468;11.068;14.451;34.377;41.038;73.591;66.793;51.359;112.726;141.263;166.398;105.962;120.621;142.734;134.300;88.474;54.173;46.259;764.782;84.391;129.489;50.867;54.811;14.085;11.273;12.927;4.530;4.693;6.587;492;0;1.435;144;155;0;0;0;0;0;nd;0;0;*;2.342
129;br_Tocai Friulano;Tocai Friulano;0;0;0;0;0;0;0;0;0;0;0;0;0;0;0;923;1.821;619;124;3.467;3.118;6.143;3.122;8.198;7.904;6.530;3.357;811;675;752;0;0;0;0;0;0;0;0;0;0;0;0;0;0;0;0;0;0;0;nd;0;0;*;6.150
130;br_Trebbiano;Trebbiano;7.277.270;12.225.175;9.579.813;5.722.394;10.863.544;14.335.368;14.078.518;15.228.827;14.379.466;16.868.971;13.100.126;17.883.890;20.630.475;13.105.231;17.582.216;24.178.593;16.567.251;12.854.969;23.541.232;21.370.782;18.845.488;13.065.462;10.465.345;8.890.736;8.807.970;7.282.643;5.201.279;6.147.074;5.416.678;4.189.110;5.413.475;3.158.394;2.430.532;1.454.210;2.043.524;1.974.463;1.376.390;1.711.643;1.846.212;1.578.176;1.338.957;2.439.317;2.576.020;2.876.041;3.342.859;3.830.336;2.083.491;3.892.478;4.504.485;nd;4.682.326;67.720;*;5.954.818
131;br_Trebbiano Toscano;Trebbiano Toscano;0;0;0;0;0;0;0;0;0;0;0;0;0;0;0;0;0;0;0;0;0;0;0;0;0;0;0;0;0;0;0;0;0;0;0;0;0;0;0;0;0;0;0;0;0;0;2.694;100.047;18.110;nd;122.512;184.310;*;139.845
132;br_Verdea;Verdea;0;6.184;0;1.864;3.216;4.264;2.648;0;1.252;182;0;0;305;1.315;0;0;809;0;0;0;0;0;0;0;24.667;0;1.837;0;0;0;0;0;52;0;60;4.620;0;0;0;0;0;0;0;0;0;0;0;0;0;nd;0;0;*;0
133;br_Verdelho;Verdelho;0;0;0;0;0;0;0;0;0;0;0;0;0;0;0;7.900;7.785;0;0;0;0;0;0;0;0;0;0;0;0;0;0;0;0;0;0;0;0;0;0;0;0;12.420;14.339;0;0;0;0;0;1.800;nd;1.540;15.503;*;2.080
134;br_Verdiso;Verdiso;7.950;770;0;0;0;0;0;0;0;0;11.497;10.279;24.470;9.251;46.048;23.684;0;0;5.895;0;970;0;2.670;0;0;0;0;1.250;0;1.654;1.435;1.370;0;0;0;0;0;0;0;0;0;0;0;0;0;0;0;0;0;nd;0;0;*;0
135;br_Vermentino;Vermentino;20.461;6.097;8.945;6.153;8.954;7.070;6.478;5.649;3.802;3.848;2.446;2.487;717;17.866;29.380;32.124;22.409;22.566;43.631;40.395;29.830;22.976;29.997;31.240;28.165;38.338;16.910;20.335;1.130;12.833;17.835;11.510;8.960;7.612;6.090;6.340;1.040;660;3.090;1.940;560;5.480;4.844;3.220;1.890;790;0;0;0;nd;0;0;*;28.218
136;br_Vernaccia;Vernaccia;122.467;190.297;111.691;65.995;114.553;135.975;142.787;170.590;108.824;252.585;197.401;366.796;428.996;383.615;826.441;1.450.663;978.903;1.124.796;1.701.470;1.300.388;1.603.877;1.147.439;821.716;940.415;898.589;674.738;458.887;509.954;319.538;315.739;501.737;258.814;125.716;128.334;94.237;57.162;34.760;32.672;21.146;14.498;6.520;4.930;3.780;7.970;4.150;4.760;0;5.100;4.020;nd;95.680;0;*;800
137;br_Viogner ;Viogner ;0;0;0;0;0;0;0;0;0;0;0;0;0;0;0;0;0;0;0;0;0;0;0;0;0;0;0;0;0;0;0;0;0;0;0;0;0;0;0;0;0;0;0;0;0;0;0;0;0;nd;0;0;*;21.794
138;br_Viognier;Viognier;0;0;0;0;0;0;0;0;0;0;0;0;0;0;0;0;0;0;0;0;0;0;0;0;0;0;0;0;0;0;0;0;0;0;570;3.219;16.581;37.628;41.338;49.935;76.145;144.979;200.288;247.081;149.333;285.217;95.231;365.103;470.555;nd;531.026;78.305;*;974.005
139;br_Outras(3);Outras(3);2.126.291;1.148.313;648.335;334.680;200.652;270.015;2.089.793;1.875.445;231.860;0;0;0;0;0;0;26;793;1.304;5.724;0;0;26.796;0;16.341;18.318;0;34.280;49.983;0;410;73.487;23.457;240.894;258.677;0;0;0;0;0;0;0;0;0;0;0;0;0;0;0;nd;0;0;*;0
